{
    "input_dim": 25,
    "model_dim": 32,
    "num_heads": 4,
    "num_layers": 4,
    "seq_length": 50,
    "num_classes": 3,
    "dropout_rate": 0.31077583980492374,
    "learning_rate": 0.000602009875285226,
    "batch_size": 4,
    "num_epochs": 15,
    "weight_decay": 0.00003344718913493495,
    "patience": 5,
    "gradient_accumulation_steps": 12
}